{"cameraMode":{"drawMode":0,"name":"Shaded","section":"Shading Mode"},"sceneLighting":false,"audioPlay":false,"sceneViewState":{"showFog":true,"showMaterialUpdate":false,"showSkybox":false,"showFlares":true,"showImageEffects":true,"showParticleSystems":true},"in2DMode":false,"pivot":{"x":0.17685171961784364,"y":0.33177685737609866,"z":-0.36302438378334048},"rotation":{"x":-0.2915080487728119,"y":0.006310541182756424,"z":-0.0019234039355069399,"w":-0.9565460085868836},"size":9.068961143493653,"orthographic":false}