{"cameraMode":{"drawMode":0,"name":"Shaded","section":"Shading Mode"},"sceneLighting":false,"audioPlay":false,"sceneViewState":{"showFog":true,"showMaterialUpdate":false,"showSkybox":false,"showFlares":true,"showImageEffects":true,"showParticleSystems":true},"in2DMode":false,"pivot":{"x":-5.960464477539063e-8,"y":0.6451184749603272,"z":-4.0978193283081057e-7},"rotation":{"x":-0.2915080487728119,"y":0.006310541182756424,"z":-0.0019234039355069399,"w":-0.9565460085868836},"size":3.6606764793395998,"orthographic":false}