{"cameraMode":{"drawMode":0,"name":"Shaded","section":"Shading Mode"},"sceneLighting":false,"audioPlay":false,"sceneViewState":{"showFog":true,"showMaterialUpdate":false,"showSkybox":false,"showFlares":true,"showImageEffects":true,"showParticleSystems":true},"in2DMode":false,"pivot":{"x":0.015222787857055664,"y":0.85657799243927,"z":-0.014547735452651978},"rotation":{"x":-0.2915080487728119,"y":0.006310541182756424,"z":-0.0019234039355069399,"w":-0.9565460085868836},"size":3.830162286758423,"orthographic":false}